StoreID,April,August,December,February,January,July,June,March,May,November,October,September,Cluster
Store-001,12.373626049665994,14.543802569508701,19.50575232969943,19.061142406713838,18.787187119469266,13.581442182224121,13.475152201161826,16.2062201703579,12.62400931108035,19.749941892330547,17.163741708217827,14.761087885425585,0
Store-002,7.035107067707546,8.494230546850217,10.72190754170746,11.261660074196167,9.890209711969362,7.013912880345101,7.36669227124447,8.552103382965491,6.934171580936216,10.133605911868601,9.512275165548743,8.385635585452235,1
Store-003,10.6103230942493,12.781361994240369,16.52485263220063,17.124218644510574,15.010205608634209,11.419126661762338,11.273322161405705,13.344222234200593,10.905036078380666,15.870373570897742,15.021702875084745,12.539272128996153,0
Store-004,24.387300548217656,31.039591164874928,37.50931932073913,40.23098951218292,36.439551503820525,25.20150192807876,26.962417950799257,31.89311147125945,24.91817783656097,37.041163422298965,35.98168644888503,31.04191932224721,-1
Store-005,18.85250645195094,23.589302109844024,31.724695016934547,30.634926997809952,28.236913395374486,20.12933463917018,21.29213635720658,24.22778936242259,19.40656404389879,29.079534713039823,25.080539878378083,22.509234910393165,4
Store-006,9.549685686701274,11.207927362889091,15.408620506679913,14.740942551007675,15.134636739040083,11.216611543345719,10.66574677097782,12.194208005383324,9.892285493578894,14.195930822017772,12.964211536018157,12.262183165860824,0
Store-007,11.582164609454058,14.6234379338999,18.908443764785293,18.875762169329118,17.703912347982065,12.558445791901839,12.927985465674443,15.323323940114408,11.97222613226521,17.583647240247245,16.113957307089212,13.941616842613794,0
Store-008,10.194390529770438,12.088320513720634,15.597815692690128,14.817201928867737,13.744512524906105,10.4218741616689,10.109679358755937,12.87607490572764,10.787767477845136,15.274062731750709,13.66914660566432,12.285712227407828,0
Store-009,16.726536541055406,20.6553297962027,28.30998493444951,26.06988859062724,25.42491037031574,19.363594576429204,19.11307441706432,22.212439751673415,17.570039834344502,26.54016617653718,22.351045578504916,20.40628535854272,2
Store-010,4.772531078583913,6.157058042624389,7.926482451754419,7.392032698596435,7.584065811542729,5.251640498998445,5.436568265644646,6.33911566028737,5.164123717204696,7.533651924861702,6.812489719954743,5.909023107968933,1
Store-011,23.7869459994588,27.801492945187384,16.021116067803355,16.380197055401936,14.957237417627843,26.514876675202814,25.34980669436539,16.05965051505116,23.6826733336407,16.166284175575925,15.67948208931548,17.989588874160614,3
Store-012,21.14373275307166,26.17898613380122,14.695222322931787,14.290575229257758,14.704645315759686,25.571482856618047,23.157484782749894,14.529907954703507,21.91933228995065,14.9345036485276,13.199821471825313,16.324042338620316,3
Store-013,14.618773060195924,16.9794966766671,9.700537750571403,10.134296006409722,9.524087472669013,16.183061841140102,14.836280533093511,9.201857515173034,14.602757428154328,10.099189073770884,8.4882098736315,10.339613168303275,3
Store-014,4.110516479275711,4.975983281684702,2.3054625964995275,2.6766025072414674,2.674380271085174,4.381944176835303,4.342152868519125,2.7556790735704135,4.025203708368291,2.8557286171941527,2.495340332801029,3.2320196667113055,3
Store-015,16.86544300313116,20.900044849377007,10.645961118608664,12.13102097480213,11.737952277385054,19.6927579017172,18.695308526566905,11.508428287947405,17.14835711121789,11.683390448914315,10.175949443807077,13.068914954971941,3
Store-016,23.04362469011248,29.99001504018969,14.213717462283807,16.561626733389716,15.20340873136119,25.78386273016347,27.492826791515895,14.42713283565051,23.95083549260149,15.694976170730314,14.731961629394824,17.21055480773868,3
Store-017,5.672790968082357,6.6604431876804835,4.146033587994936,4.1971184896421745,3.6508852435828354,6.133522649885558,6.541205453844289,3.9158755590498626,5.691574451692414,4.059812309666998,3.452418822787872,4.701055800729663,3
Store-018,11.799331175216771,13.498314682510255,8.053056310116336,8.065702998375201,8.056052728282094,13.186613621632874,12.914296627701779,7.621905962449276,12.745345994621136,8.663642866680092,7.3946327796167,9.00979603006307,3
Store-019,13.676382352816692,15.069588925638442,7.916783323495707,9.232057737394081,9.125452224821863,14.605757368915263,14.602575732894401,8.27154386228628,13.877772791483,9.120258572938896,8.628905265966598,10.75577069154344,3
Store-020,12.724018738117186,16.142036606807363,8.527031726617853,8.971560138600184,8.7604345848661,14.361740987413567,14.23039532741739,9.26764166046777,13.222439139374561,9.429563841603951,7.689863494654224,10.387937233680539,3
Store-021,18.762460318511692,23.890847682830383,14.015829783888073,13.112081621025474,12.825641091864796,21.344661705402864,20.51128449829389,12.502584763229084,20.255024708609753,14.765168393549056,11.514492987387696,15.195993239194422,3
Store-022,17.263653423269695,22.005565401747223,11.658175572874699,11.353118183504204,11.781591628686149,19.662747648358952,19.318244133234753,11.840476194257478,17.94045100699854,12.177982215266711,10.88883715801579,13.242574958245745,3
Store-023,16.34491066294279,20.49739647253846,26.556642785278893,27.376485584890712,25.723211299228712,17.724578851202324,16.942442230676086,22.38306423996189,17.671688559409105,25.50448020048608,23.547335787604567,18.720561352091774,2
Store-024,23.131849020378084,28.901736466365563,36.78977342862183,37.212238883512136,34.21191048961159,24.41627169883865,26.125025880927105,28.95364063264509,24.50740710401158,37.61155003803685,33.22005560686529,27.498021326201375,-1
Store-025,16.457897322578248,20.293081322006916,24.502247625747327,27.057536580228636,24.3085628738285,17.200613431745587,17.224473150974223,21.57444291556236,16.77175155183084,25.48063917719654,23.168315945928228,19.08954304841747,2
Store-026,5.2864702890863375,6.305900695423211,8.258393795850953,8.573643761355308,7.857172652680132,5.6142509464088715,5.709299455380794,6.775878942027054,5.495282318762127,8.092187612515964,7.130194237772376,6.547631997916644,1
Store-027,12.874032480133277,16.99187775991251,21.31866781889029,21.199437983513313,20.609974226722148,14.450623158045632,15.5340640533012,18.397785089794215,14.637948089303556,21.879174052966857,19.65973762907833,17.03607968333565,0
Store-028,13.926671906312073,17.285989929926853,22.185905305698828,21.14345849550462,21.66390137424122,14.720023470121951,15.079505152766567,17.54123800810165,14.39124829361993,20.857714164340976,19.74509124612502,17.580742424816346,0
Store-029,16.9399198601985,20.159938781785357,28.13682089723392,28.53161389938794,25.619396458772194,18.654060327000163,18.322791079000705,22.59270929551326,17.997522965292795,26.514672201854673,24.885831943799666,20.956246261354107,2
Store-030,15.453362862779098,18.49335935778796,22.252856369893117,25.24875014529703,22.680698405079813,15.473154556976162,16.062302106679347,18.209752628448943,15.845998550489156,21.274329545821196,20.87351405997138,18.190175153409115,0
Store-031,6.791695276062972,8.473838495721859,10.682812612477715,10.957980229243532,10.610988587991647,7.205389589935726,7.488708540107979,8.343971141578349,7.121834758896528,10.020893358387442,9.412245927964664,8.286826645690724,1
Store-032,8.909346536489224,11.64901970779983,15.57999953141064,14.59229946499554,14.425399269861108,9.508916336256746,10.396133393351239,12.319377071495758,10.022867050424521,15.367280301412235,13.432722305957999,10.999812015062426,0
Store-033,13.335574808447046,15.79786053050438,21.532828616070496,22.501587461926466,19.398976022315637,13.857907496402882,13.971260698148958,17.525070667803828,14.366411743993005,19.666652203804446,19.076981787949155,15.814359481713488,0
Store-034,8.227100303244482,9.99312548796071,12.545722016205094,12.736042265659991,11.554307194359875,8.567249662275444,8.852034103123199,10.99453126171667,8.545593825864215,12.350289557576504,11.187947658711508,10.120033535572937,1
Store-035,20.57223547674889,24.462494510284547,12.702281897248335,13.79257004396718,13.904544791608215,21.713443304559693,20.11607283130112,12.990565514118554,20.534651947332392,13.08642152903724,12.304635241162435,15.224545077318485,3
Store-036,23.171499852686352,29.19012034280001,13.949315294557795,17.027184237575785,16.283523278433083,26.02077358089621,27.671628528957932,15.62006984890785,24.6546272395394,17.249814235544108,14.438311380046805,18.027926189612593,3
Store-037,24.30381161384448,30.885466701754122,17.58596677921196,17.139995829100773,15.64165157094773,27.44793847643592,26.92641602780902,15.767778170793362,26.5260732590301,16.285521419384764,15.303655772101896,19.731221899685284,3
Store-038,20.51822557823536,24.343200086852804,14.375849986051222,14.546198153744513,15.366082471219176,23.322984375533693,22.86243988556675,14.736983753052382,21.64710734674248,14.451755822252938,13.694856676229264,18.20520094099158,3
Store-039,5.996791810072218,7.276723012528555,4.382606357659105,4.292790224425035,4.322523308738953,6.616942862277403,6.676814756874769,4.441358452889722,6.093671524117255,4.4503299241619985,3.7252919557450985,4.398761206802537,3
Store-040,15.43706984705634,17.83820884271184,9.294221628081434,9.44306024439084,9.553261045855393,16.08658046913917,15.936970520962113,9.969346531466652,15.788305963137084,9.794444589718807,8.525606499023542,11.281671182829486,3
Store-041,20.07655698526699,24.481756285514372,13.635284872101384,14.562233044077916,14.59223282624813,23.087783067825466,22.721788404913053,13.553403003832052,21.876005907996085,13.86220290563831,14.279878701059614,15.03743568647238,3
Store-042,23.695677812415187,27.58661482964828,14.681130371974575,15.678206117460487,15.864877384207043,22.698498339511275,24.404190700887465,16.19471526922591,23.052105275311757,15.568445996048755,13.98932878990817,17.45629053452373,3
Store-043,26.90657578978045,32.02430624216111,18.705527792349034,18.10847946911319,17.55741138114687,28.905922866200306,30.283463200948027,17.283258968527907,28.17348602953338,17.815152289054243,17.64514156448478,19.116329103329104,-1
Store-044,16.33455531728721,21.05245170021632,11.169949689183069,11.21652333165364,10.980139256004888,18.846735401127823,20.272600068019436,12.18973506528463,17.523268708294154,10.961476247590793,11.583980465646544,14.740112550642568,3
Store-045,9.869705926462819,12.34323479878173,6.952903623708379,7.370742535665157,6.78714419451566,10.93896769771573,10.464312314314538,6.423613854818547,10.089953788761765,7.124517477372705,6.610321807396439,7.296259581606052,3
Store-046,17.180191987977963,20.75443868360089,11.472147001374712,12.112853175531908,11.19535116967537,19.320791392445113,18.745202252643242,11.40559615966372,17.643928855521704,11.400226525609312,10.546514173312497,13.266995255787638,3
Store-047,9.221960944069824,10.914884852824564,5.957376379046034,6.202042115837669,5.710091859769001,9.616384069368635,8.951622499966835,5.543635265059436,8.48502830126132,6.186186632862086,5.800009728074716,7.010911986179174,3
Store-048,18.863949663824588,23.12011081521698,12.974552640906529,13.267493190115388,12.15481408270664,20.238148390308314,19.520606033311438,11.14974397755511,19.969108397053045,13.444338288715587,11.843272604743946,14.601196877773237,3
Store-049,5.578199732078876,6.846136521704217,3.473008671313332,3.9786969025256953,3.652368685772197,5.904348176848405,5.628086456763716,3.8610612017343575,5.577351637841399,4.049979283621404,3.6453510828611115,4.09783129294968,3
Store-050,25.622030438863337,33.17385678940677,17.57875259270125,17.35814178658072,16.85158115507688,29.045361387517517,29.497284635752695,16.98397843926149,26.931471156776226,19.63152844302403,15.247861839001756,20.275707907351972,3
Store-051,14.756612604289472,18.657276159664107,10.345118285598332,10.912721064989835,11.136731319058818,17.020725309866833,16.96937405343439,9.752582354781966,16.244144437130082,10.85489716252992,9.718120257548197,11.968169326563078,3
Store-052,18.372465273630173,23.8965541636709,13.398518968787196,12.849981314022202,12.961434580161907,20.719211248072384,21.65479196304926,12.527469510157145,19.836579774117975,14.221246530995693,12.753275225581877,15.431864054617426,3
Store-053,7.220036828075321,8.574422517249532,4.645300325223255,4.650723210799331,4.463598173358828,7.612073894514458,7.95468568278057,4.847281394323073,7.318305651562825,4.8048691521661135,4.386542077884637,5.26429202358867,3
Store-054,19.116416317627067,22.895171861263666,12.219811235938984,13.529563416442782,12.167262715788377,20.084539655080285,21.014948754316144,12.631516252289922,19.146458556740857,14.3608172194988,11.789918890773905,14.193843606817826,3
Store-055,25.687518719591424,33.077807379045574,18.0341684076186,16.098526664824682,16.65860100745143,26.76489218729143,26.02725243731436,18.09334921770749,26.759555909644373,17.299310852869745,16.781449866771712,20.516337850416566,3
Store-056,23.571188524017327,27.46769419498679,16.05547412853418,15.224241423445925,16.424697865009026,24.81253875612714,24.143058508207808,14.728815840884804,23.04741089279189,15.373651058520585,14.27637377186923,17.482617270616174,3
Store-057,6.2249676026803975,6.998212469756536,8.904943934894781,9.460460753808576,9.001380270174318,6.345258039553154,6.352463533438532,7.737908159976613,6.414300031138609,9.09543549163072,8.008391190513102,7.380541627512061,1
Store-058,5.274696138546486,6.692254189102714,9.069737837876113,7.954424757050001,8.0195990529249,5.668677895997328,5.624134010541865,6.944072894078307,5.7410712999853954,8.283804642633266,7.668094091302594,6.486116262636112,1
Store-059,11.6138528729416,13.537117740535598,17.88160502283776,18.56183150294773,16.543370677039462,12.363149117967817,11.799459657902698,14.103564292495829,11.486745753911917,16.300086479005508,16.258986080628738,14.103296469761938,0
Store-060,6.0468849886752745,6.9060250471902975,10.168213618385966,10.293041026527444,8.675585400859106,6.551672899592999,6.0442920933902835,7.414339651493317,6.223648737425702,9.32444219441046,8.088300286696851,7.2578258868047305,1
Store-061,11.862076840874842,15.023744841272173,19.17331929450869,17.708544819663615,17.013828969582104,13.042158996575658,12.20400654380748,15.461981502710762,12.314794600202909,18.217996799825954,16.83917746222601,14.756350154154353,0
Store-062,16.295781948803402,20.149862266064037,28.349089975126525,25.696261787434448,25.87010581356077,18.421234054266947,18.40164896621858,21.068759365491374,17.641625227611772,26.501689917728953,22.28891662825359,20.815359362363463,2
Store-063,10.574736926617296,13.013856973499585,18.108788308599927,17.509797911400252,15.92604714050734,11.23989853846272,12.200912867913651,14.831939295506507,11.949188064738143,16.20918214213564,14.55738304728158,13.291846702528101,0
Store-064,16.540075427991436,20.26839022021089,26.462943287014063,25.812891319435256,24.34835062615305,18.562577292489568,18.73240240702362,21.921219762559307,16.748194213588015,25.208466203798334,23.6064303536904,21.141197872985032,2
Store-065,5.834433675667525,6.907269412582968,9.608246811347053,9.695056846890608,9.140838047719155,6.57368646548306,6.42696939188931,7.692254671155407,6.277502986310266,9.01209377178877,8.475445534179253,7.199211938180857,1
Store-066,13.274089663272791,16.005181016057367,21.90622385176726,20.82640960997692,19.902824094879584,14.317761675480371,14.290654063905025,17.678803741349867,13.956486815055653,20.055689296900802,16.98992525973833,15.701129880378497,0
Store-067,21.85628574662845,25.788896694670807,14.12999443814192,14.65114462594942,14.846647891313271,24.67425598886504,23.94006095149433,14.67226795058238,23.912823224821906,16.16121713626075,14.057509945834916,18.359934078011282,3
Store-068,22.656512382095162,28.03898661473691,15.813732019313075,15.913577104802268,16.523685857038593,25.979170933110076,25.767053068252384,15.890602663845803,24.69827166633809,16.87790868330471,13.64681178451814,18.069592349147147,3
Store-069,23.642133065854537,30.349642192016308,15.366039295797968,17.83445599405556,16.05304003534946,25.551615027296712,25.144661947218648,16.464295585362457,25.34421852278677,16.2901414787845,14.805211390918954,17.998864118623555,3
Store-070,3.6612845857867917,4.506324630981605,2.2367778633322684,2.50643151354764,2.335893958401266,3.8477969047686336,3.932275676917016,2.3342762368854975,3.8733791014763663,2.4059885985498646,2.2032379208062896,2.7073199216128927,3
Store-071,14.21041182888919,17.63289125687904,9.860290377690085,9.579613340673372,10.444977230053148,15.319073402093318,15.363888101871133,9.298594320917907,14.950741584421497,10.871655502009602,9.496907989004656,11.385431836919537,3
Store-072,6.184923877416095,7.772884774215622,4.271763897899619,4.718069603669459,4.56610474030917,7.214199426316098,7.123063191038609,4.276494756453442,6.943594630597668,4.538682189498186,4.214670665961511,4.997531135113618,3
Store-073,7.5831135479952,9.93031624073396,5.096048546260269,5.8805121389040185,5.155411171669616,8.598143271692503,9.074801523644183,5.590717219279631,8.557549862233436,5.838717023937786,5.479164883631853,6.683944444698277,3
Store-074,24.279652585593794,31.66086241911351,17.02367804576917,16.993816625607867,15.61972231027907,25.415317857763448,26.6800358799795,16.03718719052535,25.165588037270886,17.336069687261734,16.031167446759277,19.791992671812206,3
Store-075,21.51326937062282,26.364364762331387,14.262517573514783,13.326837456949837,14.208490933873076,23.051242475204894,22.92011993532749,14.797962287645833,22.097019526881777,15.93342422906666,13.596059084922988,17.65046791406519,3
Store-076,20.22564794158687,24.765828025660287,13.518446238295168,14.748157977201931,12.742663025135315,20.494072197569288,22.25487108830741,13.748132309004237,20.940706698438948,14.12008458283445,12.879835558821586,15.64838039349819,3
Store-077,25.089871069805472,31.365086806356327,17.31639863092767,17.53159517415451,17.073934699621773,27.69984190664923,28.009494205056615,17.461011164402606,25.751444904773887,16.950775593378847,16.201819571949237,19.99323540700317,3
Store-078,24.238791602893436,29.07598222722544,17.250734108988517,17.018761324739415,18.163560182783396,27.431474976559848,28.709057850968385,16.750328495235152,24.710055545487435,17.524093415733553,13.932205407059795,18.203009709959087,3
Store-079,14.651787070241951,18.10823204758863,9.394375392164925,9.608252800550257,10.306616084047551,16.43834720386413,16.66527509851336,10.009592357149703,15.27992440209671,10.70127386976019,9.636263825942835,11.915890820905451,3
Store-080,12.532381796789993,15.014840573650533,8.705751324852045,8.827865566732266,8.779161539233545,14.266073788343073,13.261666979368936,7.970234963691576,12.254848265466553,8.276942915360914,8.29047903260322,9.834619262527678,3
Store-081,7.761941924837201,9.815103046431922,5.675539837533288,5.403706397163525,5.732749123508379,8.861850093928066,9.042886033800254,5.572390798704885,8.661939267396274,5.698074701021457,5.44417608410059,6.226190483025111,3
Store-082,4.4182587130102355,5.28878841605981,2.797330095825778,2.700581996164379,2.7201203881734006,4.598714018634178,4.620063564052794,2.9332102392846178,4.58604449103235,2.9504122749450232,2.601959760942747,3.2938380822712863,3
Store-083,8.378544810851533,10.259484670299113,5.254754314798245,5.5474852724678705,5.584681911618383,8.692153687652846,8.69272058142616,5.551313693585737,8.837632075844539,5.419099112347972,4.9053169669376775,6.410618257708945,3
Store-084,10.29099123018802,12.994443602051062,6.553647390278677,7.535741843923978,7.122884722089312,11.101186428083105,10.503312036404711,6.967470604020938,10.57355109828141,6.828426265502756,6.3211940104877025,7.703882502886618,3
Store-085,6.306301320289623,7.344852721262248,4.093576736623969,3.840304927776366,4.272671769446142,6.9805011661928456,6.975086559755674,4.1292115420078215,6.415504363590521,4.4597483664135975,3.9850685191449293,4.583198964170993,3
Store-086,3.29154495326543,4.149166994063593,2.1975158369787438,2.3387076534454003,2.4229379013435737,3.6910313096025233,3.4779152453577966,2.1665728254514525,3.4629775454036804,2.3397721975208694,1.9946929289923443,2.643758384448849,3
Store-087,6.873774465649886,8.84986705332254,5.138828344444081,4.739314093851279,4.825759830525634,8.246046917154906,7.532783027247787,4.936896618293721,7.218166485786063,5.275364185849979,4.6363246970195275,5.359435350594458,3
Store-088,19.975213798324013,26.45490460245478,13.768727718686531,14.544920621531396,14.62490441178293,22.18392649209361,23.193846192212273,14.19054515507609,22.316952749311493,14.325291613444499,13.48979768262382,15.795148094559064,3
Store-089,13.586002707707213,15.855306227548223,9.198883410478503,9.583094870326256,8.595178311023645,14.176973680325954,14.203778128590097,8.810137950143886,13.593968088185784,10.434665803335918,9.179193205929966,10.184441945850955,3
Store-090,19.975091333935193,23.554290687731616,12.292639237144416,13.824827368951395,14.255982541815527,22.07307906471807,21.822845417342425,13.72454573296066,21.17709053884754,14.616537324036408,12.91326823550122,14.509565260548616,3
Store-091,19.83670482977795,23.262146808451366,13.262448085421836,13.81182601894079,13.802399710474479,20.5316297011699,22.012724675522218,12.82729254217923,20.255640477617792,13.723429910428603,12.218263384542443,15.186520199827946,3
Store-092,28.05840749823785,34.25506335366254,16.788326463194807,18.71427769059598,17.862144235279686,28.711433065673248,29.85775238498755,18.814512054066775,27.993849359830914,17.231390704899866,17.998262749987276,19.60279501052934,-1
Store-093,16.73760370025185,19.82879019064783,10.384683281346488,11.6396593327783,11.088689281590398,17.28408797404535,18.612893310910284,11.886889450478215,16.964169274896285,11.018143371881102,9.389775075323936,12.595240758413741,3
Store-094,13.984883874617264,17.8742189765308,10.065570655868108,9.777321776704715,9.608570469631651,15.947139653283179,15.3641904787897,9.583564383507785,15.192973416017253,9.732725721389492,9.092128444795867,11.376156642455724,3
Store-095,21.53034301975279,26.26559947718893,15.599100557447983,14.169467263640328,14.108315648912445,24.490334715075647,23.889115186433504,15.182983447124268,23.052372953025703,15.623429741005062,13.736100748231415,17.167296418296324,3
Store-096,6.0188606531722435,7.688163547561087,3.9290248107823653,4.4882946673566835,4.384890961405619,6.9406947149333185,7.152923443463672,4.515400756595298,6.593363321931351,4.896413337373469,4.051219847572895,4.769372657155468,3
Store-097,18.356919043234928,21.76778509035246,11.994512819314501,12.84831425454417,12.150777184138866,19.95023888391619,19.366343415542907,11.478587068915289,17.77880701059431,12.81872258404055,11.65751146252577,14.22713859198902,3
Store-098,5.5428980378441075,6.815647033554616,3.688528994695839,4.140571010612621,3.6954949218856314,6.363681652043823,6.464862795114096,3.7378224114787857,6.044861208923665,3.643347358533809,3.81136546969089,4.273244130561489,3
Store-099,17.197536006272752,19.058110584004087,10.78656188738179,11.923624942683038,11.178270061410796,17.190406239764965,17.75922232504005,11.158293401361915,16.638399677352982,11.024591458639662,10.064274457767967,13.413057891837166,3
Store-100,8.585770150887328,10.77795063242861,5.444191764890664,5.941863502131984,6.010098933466173,9.318661300621157,9.282357422166866,6.0968118194273835,8.72134145348653,5.697727165709078,5.351847501260859,6.360385158672592,3
Store-101,14.720465772728726,17.787026446059716,9.5867262210802,9.975032045618427,10.580360864673384,16.05059027472607,15.816756858379653,9.99943528467228,15.317614418506889,10.280687538796077,9.739159570240902,11.009164322541322,3
Store-102,25.00039764407,32.166211892651745,17.089389481092745,19.0821452743532,17.09469961296717,26.907188118993112,26.541949987855183,17.603953686321553,26.364885247566463,18.250219038757294,16.34468324755653,19.588485459057427,3
Store-103,16.741043118632753,18.913815672255524,11.403465203749718,11.784166864804485,11.369083053759788,18.38361745727084,17.739145041714934,11.745433018092772,18.44738098711273,12.326538942269439,10.684357313440529,13.08060245254553,3
Store-104,25.400010177083523,29.665071912695723,17.167172666199033,18.208188453285487,17.671339382833445,27.013956534258337,26.770181783703027,15.703975616521102,25.30258878787477,17.096793921300076,17.00156344374959,20.078870598031532,3
Store-105,24.241143700024068,29.01401332937352,15.577090190036845,15.437123843775534,16.283129254936874,26.006326710910308,26.047866193849927,17.32070486586341,24.862580154128842,17.852720256113116,14.852978377000461,18.10999750500636,3
Store-106,13.137169302037663,15.334623553836014,8.011293304532424,8.841889004482091,8.406899565601904,13.740470351545055,13.634967944726517,8.590256193754772,12.897937119310903,9.181649881050095,8.038632327111866,9.808529192030987,3
Store-107,3.9029214403496146,4.494552480766775,2.7051427883397436,2.5269041784787305,2.6442499995652358,4.185108776284923,4.323227823919844,2.709154516197639,3.9315839909461996,2.780054652795447,2.3296586048609544,2.968184707591955,3
Store-108,12.241773391632295,14.825260892928403,7.9251060829869555,8.781197933025393,8.217089146325842,12.941152452488609,12.706412834016975,8.086121659300655,13.060502430552651,8.79343896503462,8.144080620712899,10.000617498034018,3
Store-109,7.291996618178446,8.719608255377619,4.394045618861225,5.148806256357128,4.721496012798111,7.491606234904712,7.668580571605566,4.823788087127902,7.5470016503495305,4.675288529319763,4.3177821581857625,5.453873942245814,3
Store-110,21.580307773599863,26.739917866417446,13.82636874955444,15.349921823997047,13.886219458727037,25.241814874675022,23.729985925529068,14.96314714897951,22.167038532136,15.436907020258584,13.952331814456935,16.979844006837485,3
Store-111,17.199589993664397,20.192004574277938,10.642668285600966,11.302848791093519,12.4687890646218,18.379029730365122,17.73689617643168,11.400948561478796,17.924428661299867,11.331430758231647,11.732577768431462,13.145551383438427,3
Store-112,24.71770822826839,31.698992153173254,16.812075826549687,16.55589180815571,16.511259267837872,27.469692579026344,27.373946393823353,17.31994503001797,26.729527016363786,17.197947190924694,16.18984568349139,19.42344957892036,3
Store-113,22.549150879099134,28.58591514247568,14.348249465059784,15.449557329885629,15.553815976683119,25.028573688576152,24.38365476650148,15.173581694485023,24.44625457331686,17.73797904330802,13.73812254258727,17.237924970777772,3
Store-114,9.141372636681812,12.028112032257251,6.405383999077792,6.188269006593985,7.001309180908824,10.222467593082504,10.440619961608991,6.72813375200788,10.153531834985099,6.5852719340826065,6.10985691180058,7.620775805987366,3
Store-115,12.304959027240585,15.542013589326809,7.801346609159349,8.093031693104946,8.767126419924361,13.61396235160198,13.457985444550628,8.431290360644748,13.190246958522572,9.238240269198743,7.371200203087622,10.024965591901049,3
Store-116,22.09941538909542,24.9655596986055,14.277528331672332,14.40122020941693,13.921045404309833,22.683378428006083,21.664197713854946,14.321928245829568,22.516892597979965,16.112629237616886,13.591311841127057,15.889601926040067,3
Store-117,6.5319049495301496,7.567290452672568,4.431074415448072,4.267109650174788,4.344190122595098,6.981203616910221,7.053955392317658,4.029256858152532,6.673474062202908,4.477998420980247,4.204036755109328,5.278345645589386,3
Store-118,3.6605973855484377,4.7607540099940655,2.5948471225755796,2.781274072489245,2.75199604439171,4.387385474047219,4.105131598902558,2.6671982269826344,3.8132229664837527,2.6199737845957802,2.5755651027176976,3.1244423564706447,3
Store-119,18.17642969060344,21.74455655796434,11.945557762362657,12.66773963053117,12.261103582610726,20.12385662071494,19.426381813306044,13.017745545455316,18.19682479778848,12.23811459431173,11.493263439439986,14.242711092385322,3
Store-120,10.821431549166446,12.818567349310449,7.190482083484396,7.41704519237387,7.082336107766613,11.0381517522827,11.369474323167557,7.174620518815294,11.503216938128194,7.6510952830182415,6.326538638224641,8.444393023942984,3
Store-121,8.268700826568681,10.321707895348666,12.949258151508323,12.5536450361729,12.490148097852918,8.242468781515942,8.334688837901298,10.506610906420045,8.908345122873449,12.870963333367293,12.241224650457895,9.844094597714898,-1
Store-122,5.045588050439628,6.128694159704477,7.635395880448415,8.026545141926471,7.761680137528677,5.440161838234209,5.580014862341609,6.504774536429283,5.116048549504673,7.762745835245059,7.011018398790944,6.043554812953889,1
Store-123,25.518944877084646,33.13914169589009,40.937825065272456,42.72331447922689,36.16844151098972,28.836750020741626,28.632073100297806,33.34391320167082,26.54551528917329,39.91063185411081,35.68277476221409,31.505994845051834,-1
Store-124,20.044943567918132,24.63229881897854,33.26474378725698,31.92521267911425,30.341936996272384,20.973730190673358,21.59794786335411,26.163002667873535,21.38338464524746,29.429970627923986,28.82908352133609,23.930923152250124,4
Store-125,19.620628586031472,24.414154562439627,33.129743673524196,31.584057557182398,29.915007821857557,21.722033987823036,22.59830235642027,25.328302290488516,21.376106871314366,31.109328458831257,27.917947959211922,24.573611583100945,4
Store-126,24.203028810349608,30.091853072887222,40.36330769012812,37.457986449916234,36.715932538226326,25.903392566667122,26.172943908869144,31.590505130342855,24.694916725521207,38.27468589968235,32.0871196260866,29.81358774321141,-1
Store-127,14.661795344992827,17.963780022525913,22.859675353820244,24.182470268868695,21.12629410071085,15.765254299525628,16.017382105321524,18.46521948635121,14.724386724125704,22.651330967467178,20.048043237641654,18.314845716212783,0
Store-128,15.321819691404492,20.771692395093257,24.434967110479313,27.158156234136623,23.320908468798503,16.895547503142904,18.520276569483812,21.33182764088089,17.118826164560254,24.03270479014015,21.613167342717045,19.96769272999186,2
Store-129,6.1135829949068485,7.563495039189403,9.380833396602966,9.79198266096651,9.173413236871983,6.626153258320502,6.757778306420117,8.30771659861125,6.229483423771043,9.09229178623952,8.864797115138392,7.600133934992806,1
Store-130,21.58126803715179,25.37680376023374,15.14423045775781,15.522001534482602,14.034244328878504,22.69812737790008,23.74348678860304,14.591925182478644,22.276314909301608,15.890136851878154,14.03213622698534,17.40939273426984,3
Store-131,15.703770376999863,19.682351110658757,10.40390503214957,10.393643293719686,11.179694451686956,17.31494983238468,16.485891441821245,9.933096169551247,16.426935690430884,10.807259717772363,10.236330420348366,12.298435763427179,3
Store-132,5.5273270871065545,7.450746770900594,4.002490065303315,4.104505667867133,4.227579715152004,5.920950457085708,6.140808660863786,3.6035816201904716,5.934251062336832,4.074631452910894,3.8642342428619325,4.302152600102271,3
Store-133,22.915890890115698,29.998955575909974,14.94962462269379,15.848863655956748,15.0458365718617,24.960141043250623,23.13961564675438,14.330259654378784,24.93473097202255,16.169616457815913,14.755597453981736,18.429833534182954,3
Store-134,12.617960973026893,15.421028267814771,7.950799515703828,8.682594807783842,7.997824415794922,13.211948576975777,12.380677761086343,7.941615771540757,12.30583283074294,8.25676614639202,7.88781772824409,9.02208700716874,3
Store-135,9.915391067767859,12.89922443302346,16.657552484046057,16.810231658755576,15.056443988241488,10.873218032439375,11.497945593805651,12.411012826289289,10.840736250594643,14.550421839395103,14.057508334032402,12.470791658243405,0
Store-136,6.082498439202375,7.231630306034318,9.228324358746095,9.368840502652738,9.56403829375804,6.555844403931558,6.595950505747312,7.931128994612439,6.193461207996767,9.35490348251936,8.392489733004783,7.535438690373388,1
Store-137,23.234941268705818,30.212104552124586,39.29405001015882,40.61867974901467,37.10821435855843,26.337755800599087,25.558715075023276,32.70412984428902,26.172126878367084,38.00491554572169,34.37939735533289,30.666576800707194,-1
Store-138,26.619746256514553,32.17475555481285,45.400020572175244,43.34418304848446,39.22344310906135,27.980936786935732,29.285378003496195,31.53037952168939,26.53955505803614,39.90775439515106,36.66616436083193,32.56569682192212,-1
Store-139,19.26393623499026,21.54611581681643,29.456203362207617,30.558386914142353,26.81391301923527,21.382416108693725,19.722455109183873,23.54359987214622,19.736126408843603,29.15461760012051,26.335431755890408,23.123821260754987,2
Store-140,16.54163483111047,21.067518331320567,26.404740302306855,26.44629360002883,25.485256442500482,18.55789772977633,17.445215791268566,20.266231805505456,17.4542841168674,24.019040553626944,22.871009543037466,21.09028602021723,2
Store-141,25.360790528724955,31.82931748749933,44.63537092014059,42.71769035484571,40.321865337873916,27.879625877720066,28.30106440890707,35.01954123274002,27.55568075198704,40.81334850889869,37.29632571321819,31.756385539448097,-1
Store-142,21.865412657149548,26.62067860357891,35.8962157522962,35.871174824507705,31.563085391300312,23.045419284759685,24.91335419247891,27.19701412151684,23.484395158189233,32.37458345126336,30.756012257326923,27.245520621384262,-1
Store-143,17.305073892698744,20.99286691366585,27.91806853263295,30.125557468395833,27.592290914722874,19.750257223108914,19.74214641481259,22.821449649403533,19.01832018955448,28.1807880129583,24.85658066545626,21.992266384466316,2
Store-144,25.912151249224586,30.74796558545519,40.657112973770786,36.96407523333353,40.617968816589254,28.933339189576436,28.993618763861647,33.49750138577178,26.37354351529018,37.32202108017678,36.17344153491931,29.29582075674278,-1
Store-145,10.122956009114729,12.999217387110715,16.70215913997223,16.365222324750203,15.147934478979852,10.899393467108464,11.426983554189942,13.230185310565533,10.673307039244401,15.950819970465307,14.022458052795951,12.713962332865758,0
Store-146,25.059465218279094,29.320436495134214,41.98049426476236,39.675730057426804,36.80097341068398,27.925745175571485,26.284625840566846,31.49165915037139,25.051298824523425,36.653007378844684,36.9696916441491,31.770002910472673,-1
Store-147,16.586269214609942,21.514950849070512,27.80255790525818,28.269211688670453,25.465533200675026,18.93862171809984,19.5505131303858,23.669716040871496,18.217824683037332,27.14075570238055,25.059553319793004,21.63847001595744,2
Store-148,15.458489773497547,19.57796506045421,25.131434414836967,27.198945350053492,24.968103681959516,17.61494119513095,17.425993839245848,21.376582283060134,17.01394541025729,25.348561257512355,22.571520234019644,19.886915639764467,2
Store-149,9.160171339882684,10.934804894970274,14.170211239841372,15.129157441717147,13.615699193580308,10.146113044727638,9.97178332854697,11.134080575801663,9.790840152850194,13.701844032581462,13.354380510469847,10.994041782616522,0
Store-150,16.332393756138572,20.921303881243773,26.48429389869554,29.202005406835653,25.933007275312438,19.040615624044733,18.728096014066054,22.295093503538034,17.437468376696895,26.906158251633162,25.402086304689018,21.187292470963797,2
Store-151,18.454906390280357,23.275878473286127,28.062036925582696,30.745818118245417,26.99718241865927,19.851481813371123,19.191545692720396,23.046509112248742,19.34821385810629,27.392543926708303,26.169264663800988,22.2325685662219,2
Store-152,6.351294585280556,7.80900440530662,10.172124296844952,10.378973562710675,9.399119594591317,7.03014690315566,6.739752325049448,8.318051444452376,6.935921205874789,9.839785475411333,9.221905687303742,7.817046561596941,1
Store-153,25.539454034407832,31.739740647000144,41.60426099790348,40.67944451779538,37.186773643631376,29.497770663493007,27.012843430043198,33.249797088683714,27.111840839130554,40.00303469703289,35.97818498208422,31.936300673222433,-1
Store-154,13.151162361478466,15.6722155263881,20.836948000486863,21.91639842595871,18.911668425281167,14.298284431000859,13.317367947289247,17.46798543351023,13.351005316664768,19.007047693065477,18.35763277886191,16.8524531739186,0
Store-155,14.28594487422498,16.56634574920355,23.566140765951953,24.26562665628358,21.67457179491525,15.497751706873863,15.36951675974119,18.48353467132927,14.760204735889232,22.684680289017205,19.7130231736367,17.154086168023632,0
Store-156,4.789158103020227,5.682706394894604,7.755268109314679,8.036913592766645,7.391166006688168,5.449222199145349,5.185653239317489,6.204085399248921,4.964106398324831,7.195148516194074,7.337450632080722,5.987567006400959,1
Store-157,20.79317387870785,25.296503134940203,31.990904462316422,34.3560650449023,30.75320896743714,22.572969506297607,22.229877383507986,26.999417749389806,21.233684405363302,31.059667356585077,28.529145696011444,24.754875690047495,4
Store-158,7.975074644269966,9.462989728616108,5.151526692177302,5.092758781082786,5.444346068316457,8.239223681897307,8.437136861633116,5.058150355431304,7.907154383535775,5.635666971397254,4.928512021184195,6.089213892524207,3
Store-159,7.269293532737128,8.571203196433338,11.653053176906912,11.67648883374668,11.178585825117246,7.90015011705873,7.941019720726505,9.489282603864966,8.006015237596774,11.137360137286262,10.241693596617578,8.678532809362249,1
Store-160,5.716476156114262,6.765949242559399,9.399505149648931,9.652026232216683,8.07297567634599,6.203842959423074,6.235190202631374,7.322556992082674,6.053943365480007,8.541095519479818,7.966083453545216,6.51354426401378,1
Store-161,19.470486069290615,24.918464375860854,30.565751227199552,32.79281809784906,30.4927741994195,22.756266323037057,22.247883634844552,24.89115257898342,20.97797282363721,31.03275336340731,28.066152019656815,25.887580924673617,4
Store-162,24.742391437752033,32.931315504147676,42.37043049434122,42.30945445083652,39.75611428271832,28.336001045258815,29.59342968136194,31.352576297101038,27.305196632226554,39.032546509304495,37.54570817797365,32.790863356040425,-1
Store-163,25.86137727339997,30.777509957827036,41.23420607017131,41.43976261596475,37.86618307755738,27.969446898227798,27.662611249697242,32.4368554866372,25.79094602913676,38.08139620654166,33.87525248417057,31.054721605959624,-1
Store-164,14.975656535645502,19.04394153583418,10.073930930256932,10.396005914452665,10.674995917433947,17.300874699080072,16.730615172478487,10.17918735289118,15.387978494502718,10.257201465024501,9.711528999478976,11.336422561726433,3
Store-165,25.61042599390052,33.68033514921189,16.959224879078814,17.25836695952583,15.933583013590447,29.105918713367608,28.67517779607854,16.973592887881928,26.643481297689704,19.063278657631418,16.773653552727822,18.53713085765544,3
Store-166,20.40363991751842,23.984148025800785,31.549488464083982,30.973921716809013,29.916656564669037,21.658813796527586,21.603456432832598,24.403580148985014,20.386951190796417,28.09848859144493,26.735021693940848,23.97309319234284,4
Store-167,21.286407384241354,26.857692335853883,36.30877133975561,37.183573528315264,35.54518717005568,25.13488737448374,24.663932060407173,27.64719041022235,23.03168173717518,34.8245514429959,31.605483742208513,27.860503399509405,-1
Store-168,16.02320001828455,19.056617605792276,10.515109132819301,10.477642542083215,11.501004790887743,18.09351332047664,17.800410786406015,11.176544745181612,16.207936256318177,10.90347830087102,10.516520996639708,12.663913025770935,3
Store-169,21.461688217926348,26.230644335360967,14.037913612293417,14.551682012557897,14.26388975353976,22.738263753818327,23.675855331679983,13.944322576858497,22.142063702226192,15.709759872185636,14.507323580263911,17.27468857348238,3
Store-170,24.00789089947837,31.363435969097804,40.16922701243576,40.03931595880282,36.48190098451751,27.268086520017185,27.862823676092496,31.437809076538024,25.889742332951105,37.97725757920629,35.88759276199507,30.307305803215073,-1
Store-171,9.942892741139666,12.024607818629644,15.42189823086891,16.808286660014723,14.547584293357206,10.252781685443487,10.371849505051314,12.639792722506867,10.530292294186548,14.399312615511297,13.721223711043965,12.139137307343713,0
Store-172,24.82620070161629,31.341910395583064,40.32148835227189,41.00827063445561,37.30149869338711,27.811225268361717,27.65781155279533,34.60523602638483,26.82284193249925,37.59478261988333,35.97213145019366,33.50616562315249,-1
Store-173,14.626565186171337,18.681301519471763,23.108337794523106,23.055218860139767,21.921207713225236,17.20530753766396,16.48631893147401,19.232209087093548,15.704912224400262,22.85925261165869,21.5076467132809,18.54143546688586,0
Store-174,9.816535851281452,11.779523223606311,15.2180302746558,16.15085472879109,14.448273982247422,10.617887714400155,11.007843466088143,13.083853333021516,10.62641952144931,14.58431034598579,13.859914291382324,11.777023232784055,0
Store-175,3.7294144713980057,4.623075803908304,2.6773304330879686,2.468894899995685,2.767591166560948,4.020291667407026,4.133151510996027,2.622807047492494,4.021506091289236,2.72805098999459,2.283973182858433,2.9423114346809838,3
Store-176,3.607298346848681,4.594791112559511,2.3759657604881843,2.4382106376812227,2.3711083861659974,3.5615293051667494,3.99143283287165,2.2211645807716893,3.8852537790980586,2.678413710937731,2.3336048253206876,2.6734297282099324,3
Store-177,9.651892153008976,12.069673735240928,5.99379743835787,6.463719475431397,6.383292482163757,10.219631213941739,10.304318252120094,6.139509842399574,10.180637216098454,6.675317435294512,6.5582506995137475,7.2298023274357455,3
Store-178,13.586428603549223,16.410295207910192,9.27100077440117,8.571134372533761,9.207004323214337,14.58058757743487,14.999011590471069,8.416723673503387,13.93531665688978,8.998664075354238,8.272016498511604,10.351479076630227,3
Store-179,20.96932932098775,26.486215697934128,13.861684101083439,14.428777068665946,13.146803671422582,21.674515093453145,22.828939576436767,13.989951982020024,21.79558189378153,15.098981533448086,13.249489624735379,16.29806871599393,3
Store-180,13.91657926807662,16.381976606089598,8.883226753597189,9.562236368328454,9.483739975056434,15.594564976549666,15.583779471962373,10.26998048135136,14.4187173340303,9.869964854828446,8.459099050125761,10.29290005509875,3
Store-181,17.207144696637116,22.924989813885677,29.50569066929672,29.40285669492236,25.878740199877488,20.435888993797768,20.252570136100214,23.430785752936877,18.318470716782443,27.31959727541726,25.429499025813634,22.7244103566808,2
Store-182,11.647078413995755,15.021068736004938,19.63153847314409,18.21739975892501,17.50016200648374,12.86752794230374,13.752922815430587,15.192145610527396,12.580947499472142,16.860171705657994,16.773227089770486,14.940923765071416,0
Store-183,3.612293058936768,4.429872571597366,5.805103580841259,5.685561357552719,5.279260458408522,4.070506448868383,3.8841917610720715,4.594504546877966,3.5409167484258917,5.197988280131124,4.710626065953629,4.383175294018638,-1
Store-184,23.22757451021928,29.08186512089114,37.74550547844136,35.23801391613253,33.92193911247829,25.876602158596036,26.065448024414675,30.11831581539346,25.328448160341598,36.625351238051,32.77945038455677,27.391458672370504,-1
Store-185,13.596682337990133,17.712013572839087,22.710000438227222,22.260521826673585,21.412910700709467,15.530412053718498,14.892759081495026,17.82311088686906,14.972999554501591,20.965204944851028,20.019236322287846,16.564867772551462,0
Store-186,15.753127426515444,20.07814198967521,10.899944395230804,11.569654691605878,10.103807152979517,16.627782834139513,16.71600403227409,10.295978698832805,16.532481634695102,11.236826877005928,9.65956371296836,12.027481452828845,3
Store-187,14.22764877703202,17.08301330221291,23.767797423536166,22.95208352121132,21.06151156364361,15.89037605772308,15.46045160749587,18.383743123691108,14.545839207408875,21.486513500041294,20.547134879554434,17.130073328389358,0
Store-188,10.58037984830301,12.741719145975932,16.876032473489573,16.602076984210854,16.146109974169548,11.220816253594641,11.472375307853369,13.48238298998476,10.906765112824448,16.801267409632537,14.916051150766359,12.833877165296116,0
Store-189,24.592113177148622,31.65702855314592,18.381709858876526,19.092876737638637,17.558151972043355,28.464478442500987,27.19425323875987,18.781090410951514,25.57907753169093,19.35367466559102,15.599065890707221,19.811578797843108,3
Store-190,24.987746883716515,31.93299723655382,16.2370832780236,16.52927519229894,16.71904321007608,28.871083761236072,26.817894207813193,17.788366944693177,27.092342201814038,19.750019631637038,15.544330216653758,19.34296407963784,3
Store-191,15.556362098907828,21.20982452071465,26.43264300152585,25.923434224572013,25.33102865445302,16.95122091197474,18.205998666610093,19.793278779467165,16.106753940400427,24.46082730482307,23.674433263711126,19.932391662522498,2
Store-192,15.962769678636189,20.474706579029107,10.617989089621704,11.131805649947035,11.15375455185111,19.05371247358292,18.842480942453093,10.313363147640343,17.4272475798895,11.83339153609134,10.087007446758363,12.269166370161095,3
Store-193,5.573460200970744,7.3055531581923905,4.126261122730096,4.035151630816202,3.979925332322683,6.413673548279351,6.852425017338291,3.959969821940274,6.011628520485943,4.2763960644406875,3.9922046117275416,4.674935531138782,3
Store-194,10.101229811521405,13.62063568431211,17.57421567857277,19.167795323909658,17.077404188546005,12.621606530509615,11.709370334014569,13.737280197609438,11.369530812804223,16.567082529227537,14.876209646811333,13.19395592085819,0
Store-195,8.07638100204448,9.993095196619679,13.16797648243109,13.505973082435771,12.39281792727385,9.861803403264426,8.508645329472829,10.376599440251237,8.463112897663336,12.074987172114824,12.136127304071783,10.192751831635578,0
Store-196,12.698344761186982,15.762953625241638,20.395787965224528,21.72864189127584,20.048935339866862,13.938763578426276,14.54066751382108,16.72030886421738,14.015004963512173,18.430944103171125,17.46217353297852,15.766341791497492,0
Store-197,23.090474530311376,26.660761898086363,36.20319237933689,35.143081269136204,34.75577175277181,24.840333067100858,23.89411183739975,29.475697367785447,23.813489869234868,36.06122817711808,31.34321837212236,28.4558013299778,-1
Store-198,18.66086006002125,24.09076801478724,31.221124753668207,30.82804899113368,29.571368351018506,21.961299894289326,20.84509379315151,25.705914719305053,19.722277922365937,28.193722080771803,26.740248972271534,24.432548120653475,4
Store-199,17.940642958495275,23.060916138650974,12.697616760514862,12.371879773185162,12.561558246254767,18.78641924339019,19.68610434901098,13.059551435126414,18.627584043245353,11.75285554118781,12.286983229287562,14.383807668224007,3
Store-200,13.000713966675196,15.526591823047735,21.193170867734235,20.174805408023474,19.729156346653987,12.837359685485374,14.145260285555171,16.989406517489062,13.252632788133578,19.16586354703813,16.858762296502825,15.478672793871816,0
Store-201,22.485677751277215,27.79663435612978,34.938039617099435,36.7775346884667,33.66498423923026,23.758009562697648,23.32030365869008,27.971738104733653,23.394009029845357,32.173646580558795,29.526546112044993,26.47373171583154,-1
Store-202,10.946486207716518,13.17832729518942,17.321996912847656,17.029829398968683,16.061026355352173,11.473199450809286,10.731800832671926,13.368866336691053,10.588263200076742,15.34279785057568,14.097693013343738,12.610824409665865,0
